﻿<v8msg:Message xmlns:v8msg="http://v8.1c.ru/messages">
	<v8msg:Header>
		<v8msg:ExchangePlan>РаспределеннаяИнформационнаяБаза</v8msg:ExchangePlan>
		<v8msg:To>888</v8msg:To>
		<v8msg:From>777</v8msg:From>
		<v8msg:MessageNo>2</v8msg:MessageNo>
		<v8msg:ReceivedNo>1</v8msg:ReceivedNo>
	</v8msg:Header>
	<v8msg:Body>
		<v8de:Changes xmlns:v8="http://v8.1c.ru/data" xmlns:v8de="http://v8.1c.ru/dataexchange/2005/02" xmlns:xs="http://www.w3.org/2001/XMLSchema" xmlns:xsi="http://www.w3.org/2001/XMLSchema-instance">
			<v8de:Signature>5bb43a15-ef13-4cf8-9f79-1d68d283f284</v8de:Signature>
			<v8de:Config xmlns:v8md="http://v8.1c.ru/metadata/2005/08">
				<v8de:Version>216.0</v8de:Version>
				<v8de:Digest1>00000000000000000000000000000000</v8de:Digest1>
				<v8de:Digest2 v2="6378ab98d2fdf8bf5e1ad0f94d81c2e7" Extensions="0000000000000000000000000000000000000000">7fdc89fa12041d0d94a316e82eb76866</v8de:Digest2>
			</v8de:Config>
			<v8de:Nodes>
				<v8de:Node>
					<v8de:DeletionMark>false</v8de:DeletionMark>
					<v8de:Code>777</v8de:Code>
					<v8de:Description>Центр</v8de:Description>
				</v8de:Node>
				<v8de:Node>
					<v8de:DeletionMark>false</v8de:DeletionMark>
					<v8de:Code>888</v8de:Code>
					<v8de:Description>Восток</v8de:Description>
				</v8de:Node>
			</v8de:Nodes>
			<v8de:Data/>
		</v8de:Changes>
	</v8msg:Body>
</v8msg:Message>