﻿<v8msg:Message xmlns:v8msg="http://v8.1c.ru/messages">
	<v8msg:Header>
		<v8msg:ExchangePlan>РаспределеннаяИнформационнаяБаза</v8msg:ExchangePlan>
		<v8msg:To>777</v8msg:To>
		<v8msg:From>888</v8msg:From>
		<v8msg:MessageNo>1</v8msg:MessageNo>
		<v8msg:ReceivedNo>1</v8msg:ReceivedNo>
	</v8msg:Header>
	<v8msg:Body>
		<v8de:Changes xmlns:v8="http://v8.1c.ru/data" xmlns:v8de="http://v8.1c.ru/dataexchange/2005/02" xmlns:xs="http://www.w3.org/2001/XMLSchema" xmlns:xsi="http://www.w3.org/2001/XMLSchema-instance">
			<v8de:Signature>5bb43a15-ef13-4cf8-9f79-1d68d283f284</v8de:Signature>
			<v8de:Config xmlns:v8md="http://v8.1c.ru/metadata/2005/08">
				<v8de:Version>216.0</v8de:Version>
				<v8de:Digest1>00000000000000000000000000000000</v8de:Digest1>
				<v8de:Digest2 v2="6378ab98d2fdf8bf5e1ad0f94d81c2e7" Extensions="0000000000000000000000000000000000000000">daddf6946e5462e1c07fd4e57f4d2e68</v8de:Digest2>
			</v8de:Config>
			<v8de:Data>
				<CatalogObject.Номенклатура>
					<Ref>3a30af99-2770-40cd-9724-c6e0e0bf365f</Ref>
					<IsFolder>false</IsFolder>
					<DeletionMark>false</DeletionMark>
					<Parent>c8ec81bd-8513-11ee-b57b-a036bc35d755</Parent>
					<Code>ДТ0000002</Code>
					<Description>Шкаф-купе</Description>
					<Поставщик>df261c12-814e-4d7d-a3ab-cc620d33ae00</Поставщик>
					<ПолноеНаименование/>
					<Артикул>Арт</Артикул>
					<Цена>25000</Цена>
					<Партия>00000000-0000-0000-0000-000000000000</Партия>
					<ВидНоменклатуры>Товар</ВидНоменклатуры>
					<БазоваяЕдиницаИзмерения>8dbcd317-6cd9-11ee-b564-a036bc35d755</БазоваяЕдиницаИзмерения>
					<ТипЦены>Розничная</ТипЦены>
					<Группа>00000000-0000-0000-0000-000000000000</Группа>
					<ЕдиницыИзмерения/>
					<ЕдиницыИзмеренияТЧ>
						<Row>
							<ЕдиницаИзмерения>8dbcd317-6cd9-11ee-b564-a036bc35d755</ЕдиницаИзмерения>
							<КоэффициентПересчетаТекущейВБазовую>1</КоэффициентПересчетаТекущейВБазовую>
						</Row>
					</ЕдиницыИзмеренияТЧ>
				</CatalogObject.Номенклатура>
				<CatalogObject.Номенклатура>
					<Ref>0f9e717b-850c-11ee-b57b-a036bc35d755</Ref>
					<IsFolder>false</IsFolder>
					<DeletionMark>false</DeletionMark>
					<Parent>c8ec81bd-8513-11ee-b57b-a036bc35d755</Parent>
					<Code>ДТ0000018</Code>
					<Description>Шкаф Ш-3</Description>
					<Поставщик>91ad059f-6f2f-11ee-b567-a036bc35d755</Поставщик>
					<ПолноеНаименование>Полное</ПолноеНаименование>
					<Артикул/>
					<Цена>7000</Цена>
					<Партия>00000000-0000-0000-0000-000000000000</Партия>
					<ВидНоменклатуры>Товар</ВидНоменклатуры>
					<БазоваяЕдиницаИзмерения>8dbcd317-6cd9-11ee-b564-a036bc35d755</БазоваяЕдиницаИзмерения>
					<ТипЦены>Розничная</ТипЦены>
					<Группа>00000000-0000-0000-0000-000000000000</Группа>
					<ЕдиницыИзмерения/>
					<ЕдиницыИзмеренияТЧ>
						<Row>
							<ЕдиницаИзмерения>8dbcd317-6cd9-11ee-b564-a036bc35d755</ЕдиницаИзмерения>
							<КоэффициентПересчетаТекущейВБазовую>1</КоэффициентПересчетаТекущейВБазовую>
						</Row>
					</ЕдиницыИзмеренияТЧ>
				</CatalogObject.Номенклатура>
				<CatalogObject.Номенклатура>
					<Ref>c8ec81bd-8513-11ee-b57b-a036bc35d755</Ref>
					<IsFolder>true</IsFolder>
					<DeletionMark>false</DeletionMark>
					<Parent>bafd3016-7326-11ee-b56a-a036bc35d755</Parent>
					<Code>ТСТ000004</Code>
					<Description>Шкаф</Description>
					<ВидНоменклатуры>Товар</ВидНоменклатуры>
					<ЕдиницыИзмерения/>
					<ЕдиницыИзмеренияТЧ/>
				</CatalogObject.Номенклатура>
				<CatalogObject.Номенклатура>
					<Ref>c8ec81be-8513-11ee-b57b-a036bc35d755</Ref>
					<IsFolder>false</IsFolder>
					<DeletionMark>false</DeletionMark>
					<Parent>c8ec81bd-8513-11ee-b57b-a036bc35d755</Parent>
					<Code>ТСТ000005</Code>
					<Description>Шкаф Ш-7</Description>
					<Поставщик>b5fa999f-534b-11df-99a5-00241dd40e22</Поставщик>
					<ПолноеНаименование>Полное</ПолноеНаименование>
					<Артикул/>
					<Цена>8000</Цена>
					<Партия>00000000-0000-0000-0000-000000000000</Партия>
					<ВидНоменклатуры>Товар</ВидНоменклатуры>
					<БазоваяЕдиницаИзмерения>8dbcd317-6cd9-11ee-b564-a036bc35d755</БазоваяЕдиницаИзмерения>
					<ТипЦены>Розничная</ТипЦены>
					<Группа>00000000-0000-0000-0000-000000000000</Группа>
					<ЕдиницыИзмерения/>
					<ЕдиницыИзмеренияТЧ>
						<Row>
							<ЕдиницаИзмерения>8dbcd317-6cd9-11ee-b564-a036bc35d755</ЕдиницаИзмерения>
							<КоэффициентПересчетаТекущейВБазовую>1</КоэффициентПересчетаТекущейВБазовую>
						</Row>
					</ЕдиницыИзмеренияТЧ>
				</CatalogObject.Номенклатура>
				<DocumentObject.ПоступлениеТоваров>
					<Ref>d91af9a3-7263-11ee-b569-a036bc35d755</Ref>
					<DeletionMark>false</DeletionMark>
					<Date>2023-10-24T14:52:49</Date>
					<Number>DN0000021</Number>
					<Posted>true</Posted>
					<Поставщик>91ad059f-6f2f-11ee-b567-a036bc35d755</Поставщик>
					<Договор>b8a98ba0-6e7a-11ee-b566-a036bc35d755</Договор>
					<СуммаДокумента>500000000</СуммаДокумента>
					<Комментарий/>
					<ТипЦенНоменклатуры>Розничная</ТипЦенНоменклатуры>
					<Менеджер>00000000-0000-0000-0000-000000000000</Менеджер>
					<УправленческийУчет>true</УправленческийУчет>
					<БухгалтерскийУчет>false</БухгалтерскийУчет>
					<Курс>30</Курс>
					<Организация>7917c721-8466-11ee-b57a-a036bc35d755</Организация>
					<ВидОперации/>
					<Склад>00000000-0000-0000-0000-000000000000</Склад>
					<КонтактноеЛицо>00000000-0000-0000-0000-000000000000</КонтактноеЛицо>
					<Товары>
						<Row>
							<Номенклатура>b5fa999b-534b-11df-99a5-00241dd40e22</Номенклатура>
							<Количество>10000</Количество>
							<Цена>25000</Цена>
							<Сумма>250000000</Сумма>
							<ТипЦенНоменклатуры/>
						</Row>
						<Row>
							<Номенклатура>b5fa999b-534b-11df-99a5-00241dd40e22</Номенклатура>
							<Количество>10000</Количество>
							<Цена>25000</Цена>
							<Сумма>250000000</Сумма>
							<ТипЦенНоменклатуры/>
						</Row>
					</Товары>
				</DocumentObject.ПоступлениеТоваров>
				<AccumulationRegisterRecordSet.ОстаткиТоваров>
					<Filter>
						<Recorder xsi:type="DocumentRef.ПоступлениеТоваров">d91af9a3-7263-11ee-b569-a036bc35d755</Recorder>
					</Filter>
					<Records>
						<Record>
							<Recorder xsi:type="DocumentRef.ПоступлениеТоваров">d91af9a3-7263-11ee-b569-a036bc35d755</Recorder>
							<Period>2023-10-24T14:52:49</Period>
							<MovementType>Receipt</MovementType>
							<Active>true</Active>
							<Номенклатура>b5fa999b-534b-11df-99a5-00241dd40e22</Номенклатура>
							<Количество>10000</Количество>
							<ВидОперации/>
						</Record>
						<Record>
							<Recorder xsi:type="DocumentRef.ПоступлениеТоваров">d91af9a3-7263-11ee-b569-a036bc35d755</Recorder>
							<Period>2023-10-24T14:52:49</Period>
							<MovementType>Receipt</MovementType>
							<Active>true</Active>
							<Номенклатура>b5fa999b-534b-11df-99a5-00241dd40e22</Номенклатура>
							<Количество>10000</Количество>
							<ВидОперации/>
						</Record>
					</Records>
				</AccumulationRegisterRecordSet.ОстаткиТоваров>
			</v8de:Data>
		</v8de:Changes>
	</v8msg:Body>
</v8msg:Message>